{
    "psnr": 32.904127283096315,
    "ssim": 0.9778495875898272,
    "mae": 0.0067932393169030545,
    "mse": 0.0005827605188824237,
    "lpips": 0.015128412425983697
}